iceberg_id,current_timestamp,current_latitude,current_longitude,prediction_timestamp,forecast_hours,predicted_latitude,predicted_longitude,uncertainty_km,model
B22A,2020-01-02T00:00:00Z,-73.9833,-109.2667,2020-01-03T00:00:00Z,24,-73.983105,-109.268174,3.21,physics_ml_hybrid
B22A,2020-01-02T00:00:00Z,-73.9833,-109.2667,2020-01-04T00:00:00Z,48,-73.98291,-109.269648,4.41,physics_ml_hybrid
B22A,2020-01-02T00:00:00Z,-73.9833,-109.2667,2020-01-05T00:00:00Z,72,-73.982715,-109.271122,5.62,physics_ml_hybrid
B22A,2020-03-08T00:00:00Z,-73.9667,-109.2833,2020-03-09T00:00:00Z,24,-73.966505,-109.284772,3.21,physics_ml_hybrid
B22A,2020-03-08T00:00:00Z,-73.9667,-109.2833,2020-03-10T00:00:00Z,48,-73.96631,-109.286245,4.41,physics_ml_hybrid
B22A,2020-03-08T00:00:00Z,-73.9667,-109.2833,2020-03-11T00:00:00Z,72,-73.966115,-109.287717,5.62,physics_ml_hybrid
B22A,2020-05-14T00:00:00Z,-73.9667,-109.2518,2020-05-15T00:00:00Z,24,-73.966505,-109.253272,3.21,physics_ml_hybrid
B22A,2020-05-14T00:00:00Z,-73.9667,-109.2518,2020-05-16T00:00:00Z,48,-73.96631,-109.254745,4.41,physics_ml_hybrid
B22A,2020-05-14T00:00:00Z,-73.9667,-109.2518,2020-05-17T00:00:00Z,72,-73.966115,-109.256217,5.62,physics_ml_hybrid
B22A,2020-07-20T00:00:00Z,-73.9667,-109.2833,2020-07-21T00:00:00Z,24,-73.965162,-109.283698,3.22,physics_ml_hybrid
B22A,2020-07-20T00:00:00Z,-73.9667,-109.2833,2020-07-22T00:00:00Z,48,-73.964494,-109.283627,4.43,physics_ml_hybrid
B22A,2020-07-20T00:00:00Z,-73.9667,-109.2833,2020-07-23T00:00:00Z,72,-73.9655,-109.295153,5.65,physics_ml_hybrid
C31,2020-01-02T00:00:00Z,-64.6833,96.5167,2020-01-03T00:00:00Z,24,-64.683099,96.514823,3.21,physics_ml_hybrid
C31,2020-01-02T00:00:00Z,-64.6833,96.5167,2020-01-04T00:00:00Z,48,-64.682898,96.512946,4.43,physics_ml_hybrid
C31,2020-01-02T00:00:00Z,-64.6833,96.5167,2020-01-05T00:00:00Z,72,-64.682697,96.511069,5.64,physics_ml_hybrid
C31,2020-03-08T00:00:00Z,-64.6833,96.5167,2020-03-09T00:00:00Z,24,-64.683099,96.514823,3.21,physics_ml_hybrid
C31,2020-03-08T00:00:00Z,-64.6833,96.5167,2020-03-10T00:00:00Z,48,-64.682898,96.512946,4.43,physics_ml_hybrid
C31,2020-03-08T00:00:00Z,-64.6833,96.5167,2020-03-11T00:00:00Z,72,-64.682697,96.511069,5.64,physics_ml_hybrid
C31,2020-05-14T00:00:00Z,-64.6833,96.5167,2020-05-15T00:00:00Z,24,-64.683099,96.514823,3.21,physics_ml_hybrid
C31,2020-05-14T00:00:00Z,-64.6833,96.5167,2020-05-16T00:00:00Z,48,-64.682898,96.512946,4.43,physics_ml_hybrid
C31,2020-05-14T00:00:00Z,-64.6833,96.5167,2020-05-17T00:00:00Z,72,-64.682697,96.511069,5.64,physics_ml_hybrid
C31,2020-07-20T00:00:00Z,-64.6833,96.5167,2020-07-21T00:00:00Z,24,-64.6846,96.507911,3.26,physics_ml_hybrid
C31,2020-07-20T00:00:00Z,-64.6833,96.5167,2020-07-22T00:00:00Z,48,-64.689759,96.490293,4.6,physics_ml_hybrid
C31,2020-07-20T00:00:00Z,-64.6833,96.5167,2020-07-23T00:00:00Z,72,-64.683593,96.477273,5.86,physics_ml_hybrid
C18B,2020-01-02T00:00:00Z,-65.4667,113.8667,2020-01-03T00:00:00Z,24,-65.466472,113.861801,3.23,physics_ml_hybrid
C18B,2020-01-02T00:00:00Z,-65.4667,113.8667,2020-01-04T00:00:00Z,48,-65.466244,113.856902,4.46,physics_ml_hybrid
C18B,2020-01-02T00:00:00Z,-65.4667,113.8667,2020-01-05T00:00:00Z,72,-65.466015,113.852003,5.69,physics_ml_hybrid
C18B,2020-03-08T00:00:00Z,-65.45,113.8333,2020-03-09T00:00:00Z,24,-65.449772,113.828404,3.23,physics_ml_hybrid
C18B,2020-03-08T00:00:00Z,-65.45,113.8333,2020-03-10T00:00:00Z,48,-65.449544,113.823508,4.46,physics_ml_hybrid
C18B,2020-03-08T00:00:00Z,-65.45,113.8333,2020-03-11T00:00:00Z,72,-65.449315,113.818612,5.69,physics_ml_hybrid
C18B,2020-05-14T00:00:00Z,-65.4658,113.8158,2020-05-15T00:00:00Z,24,-65.465572,113.810901,3.23,physics_ml_hybrid
C18B,2020-05-14T00:00:00Z,-65.4658,113.8158,2020-05-16T00:00:00Z,48,-65.465344,113.806002,4.46,physics_ml_hybrid
C18B,2020-05-14T00:00:00Z,-65.4658,113.8158,2020-05-17T00:00:00Z,72,-65.465115,113.801104,5.69,physics_ml_hybrid
C18B,2020-07-20T00:00:00Z,-64.9346,105.1308,2020-07-21T00:00:00Z,24,-64.935547,104.876933,4.86,physics_ml_hybrid
C18B,2020-07-20T00:00:00Z,-64.9346,105.1308,2020-07-22T00:00:00Z,48,-64.936717,104.61962,7.74,physics_ml_hybrid
C18B,2020-07-20T00:00:00Z,-64.9346,105.1308,2020-07-23T00:00:00Z,72,-64.937629,104.376085,10.53,physics_ml_hybrid
C15,2020-01-02T00:00:00Z,-66.0833,143.4167,2020-01-03T00:00:00Z,24,-66.082347,143.41382,3.22,physics_ml_hybrid
C15,2020-01-02T00:00:00Z,-66.0833,143.4167,2020-01-04T00:00:00Z,48,-66.081394,143.41094,4.45,physics_ml_hybrid
C15,2020-01-02T00:00:00Z,-66.0833,143.4167,2020-01-05T00:00:00Z,72,-66.080442,143.408061,5.67,physics_ml_hybrid
C15,2020-03-08T00:00:00Z,-66.0,143.3333,2020-03-09T00:00:00Z,24,-65.999697,143.332461,3.21,physics_ml_hybrid
C15,2020-03-08T00:00:00Z,-66.0,143.3333,2020-03-10T00:00:00Z,48,-65.999393,143.331622,4.41,physics_ml_hybrid
C15,2020-03-08T00:00:00Z,-66.0,143.3333,2020-03-11T00:00:00Z,72,-65.99909,143.330783,5.62,physics_ml_hybrid
C15,2020-05-14T00:00:00Z,-65.9833,143.3009,2020-05-15T00:00:00Z,24,-65.982981,143.299901,3.21,physics_ml_hybrid
C15,2020-05-14T00:00:00Z,-65.9833,143.3009,2020-05-16T00:00:00Z,48,-65.982661,143.298901,4.42,physics_ml_hybrid
C15,2020-05-14T00:00:00Z,-65.9833,143.3009,2020-05-17T00:00:00Z,72,-65.982342,143.297902,5.62,physics_ml_hybrid
C15,2020-07-20T00:00:00Z,-65.9833,143.3167,2020-07-21T00:00:00Z,24,-65.983427,143.31462,3.21,physics_ml_hybrid
C15,2020-07-20T00:00:00Z,-65.9833,143.3167,2020-07-22T00:00:00Z,48,-65.98202,143.318617,4.42,physics_ml_hybrid
C15,2020-07-20T00:00:00Z,-65.9833,143.3167,2020-07-23T00:00:00Z,72,-65.98103,143.296679,5.73,physics_ml_hybrid
C29,2020-01-02T00:00:00Z,-66.1,142.85,2020-01-03T00:00:00Z,24,-66.099711,142.849474,3.21,physics_ml_hybrid
C29,2020-01-02T00:00:00Z,-66.1,142.85,2020-01-04T00:00:00Z,48,-66.099422,142.848947,4.41,physics_ml_hybrid
C29,2020-01-02T00:00:00Z,-66.1,142.85,2020-01-05T00:00:00Z,72,-66.099133,142.848421,5.62,physics_ml_hybrid
C29,2020-03-08T00:00:00Z,-66.1,142.8667,2020-03-09T00:00:00Z,24,-66.099711,142.866174,3.21,physics_ml_hybrid
C29,2020-03-08T00:00:00Z,-66.1,142.8667,2020-03-10T00:00:00Z,48,-66.099422,142.865647,4.41,physics_ml_hybrid
C29,2020-03-08T00:00:00Z,-66.1,142.8667,2020-03-11T00:00:00Z,72,-66.099133,142.865121,5.62,physics_ml_hybrid
C29,2020-05-14T00:00:00Z,-66.1,142.85,2020-05-15T00:00:00Z,24,-66.099711,142.849474,3.21,physics_ml_hybrid
C29,2020-05-14T00:00:00Z,-66.1,142.85,2020-05-16T00:00:00Z,48,-66.099422,142.848947,4.41,physics_ml_hybrid
C29,2020-05-14T00:00:00Z,-66.1,142.85,2020-05-17T00:00:00Z,72,-66.099133,142.848421,5.62,physics_ml_hybrid
C29,2020-07-20T00:00:00Z,-66.1,142.85,2020-07-21T00:00:00Z,24,-66.100266,142.84726,3.22,physics_ml_hybrid
C29,2020-07-20T00:00:00Z,-66.1,142.85,2020-07-22T00:00:00Z,48,-66.098994,142.852262,4.42,physics_ml_hybrid
C29,2020-07-20T00:00:00Z,-66.1,142.85,2020-07-23T00:00:00Z,72,-66.096606,142.842431,5.67,physics_ml_hybrid
C30,2020-01-02T00:00:00Z,-64.7833,96.3,2020-01-03T00:00:00Z,24,-64.783096,96.29819,3.21,physics_ml_hybrid
C30,2020-01-02T00:00:00Z,-64.7833,96.3,2020-01-04T00:00:00Z,48,-64.782891,96.29638,4.42,physics_ml_hybrid
C30,2020-01-02T00:00:00Z,-64.7833,96.3,2020-01-05T00:00:00Z,72,-64.782687,96.294571,5.64,physics_ml_hybrid
C30,2020-03-08T00:00:00Z,-64.7833,96.3,2020-03-09T00:00:00Z,24,-64.783096,96.29819,3.21,physics_ml_hybrid
C30,2020-03-08T00:00:00Z,-64.7833,96.3,2020-03-10T00:00:00Z,48,-64.782891,96.29638,4.42,physics_ml_hybrid
C30,2020-03-08T00:00:00Z,-64.7833,96.3,2020-03-11T00:00:00Z,72,-64.782687,96.294571,5.64,physics_ml_hybrid
C30,2020-05-14T00:00:00Z,-64.7833,96.3,2020-05-15T00:00:00Z,24,-64.783096,96.29819,3.21,physics_ml_hybrid
C30,2020-05-14T00:00:00Z,-64.7833,96.3,2020-05-16T00:00:00Z,48,-64.782891,96.29638,4.42,physics_ml_hybrid
C30,2020-05-14T00:00:00Z,-64.7833,96.3,2020-05-17T00:00:00Z,72,-64.782687,96.294571,5.64,physics_ml_hybrid
C30,2020-07-20T00:00:00Z,-64.7833,96.3,2020-07-21T00:00:00Z,24,-64.784584,96.291139,3.26,physics_ml_hybrid
C30,2020-07-20T00:00:00Z,-64.7833,96.3,2020-07-22T00:00:00Z,48,-64.79016,96.273155,4.61,physics_ml_hybrid
C30,2020-07-20T00:00:00Z,-64.7833,96.3,2020-07-23T00:00:00Z,72,-64.784761,96.262709,5.85,physics_ml_hybrid
D23,2020-01-02T00:00:00Z,-69.4333,74.6667,2020-01-03T00:00:00Z,24,-69.433288,74.660846,3.23,physics_ml_hybrid
D23,2020-01-02T00:00:00Z,-69.4333,74.6667,2020-01-04T00:00:00Z,48,-69.433276,74.654992,4.46,physics_ml_hybrid
D23,2020-01-02T00:00:00Z,-69.4333,74.6667,2020-01-05T00:00:00Z,72,-69.433264,74.649138,5.7,physics_ml_hybrid
D23,2020-03-08T00:00:00Z,-69.4333,74.6667,2020-03-09T00:00:00Z,24,-69.433288,74.660846,3.23,physics_ml_hybrid
D23,2020-03-08T00:00:00Z,-69.4333,74.6667,2020-03-10T00:00:00Z,48,-69.433276,74.654992,4.46,physics_ml_hybrid
D23,2020-03-08T00:00:00Z,-69.4333,74.6667,2020-03-11T00:00:00Z,72,-69.433264,74.649138,5.7,physics_ml_hybrid
D23,2020-05-14T00:00:00Z,-69.4333,74.6667,2020-05-15T00:00:00Z,24,-69.433288,74.660846,3.23,physics_ml_hybrid
D23,2020-05-14T00:00:00Z,-69.4333,74.6667,2020-05-16T00:00:00Z,48,-69.433276,74.654992,4.46,physics_ml_hybrid
D23,2020-05-14T00:00:00Z,-69.4333,74.6667,2020-05-17T00:00:00Z,72,-69.433264,74.649138,5.7,physics_ml_hybrid
D23,2020-07-20T00:00:00Z,-69.4333,74.6667,2020-07-21T00:00:00Z,24,-69.433219,74.659271,3.24,physics_ml_hybrid
D23,2020-07-20T00:00:00Z,-69.4333,74.6667,2020-07-22T00:00:00Z,48,-69.433304,74.650152,4.49,physics_ml_hybrid
D23,2020-07-20T00:00:00Z,-69.4333,74.6667,2020-07-23T00:00:00Z,72,-69.432338,74.647285,5.71,physics_ml_hybrid
A23A,2020-01-02T00:00:00Z,-75.7833,-41.0659,2020-01-03T00:00:00Z,24,-75.78314,-41.065632,3.2,physics_ml_hybrid
A23A,2020-01-02T00:00:00Z,-75.7833,-41.0659,2020-01-04T00:00:00Z,48,-75.78298,-41.065364,4.41,physics_ml_hybrid
A23A,2020-01-02T00:00:00Z,-75.7833,-41.0659,2020-01-05T00:00:00Z,72,-75.78282,-41.065096,5.61,physics_ml_hybrid
A23A,2020-03-05T00:00:00Z,-75.7833,-41.05,2020-03-06T00:00:00Z,24,-75.78329,-41.050214,3.2,physics_ml_hybrid
A23A,2020-03-05T00:00:00Z,-75.7833,-41.05,2020-03-07T00:00:00Z,48,-75.783281,-41.050428,4.4,physics_ml_hybrid
A23A,2020-03-05T00:00:00Z,-75.7833,-41.05,2020-03-08T00:00:00Z,72,-75.783271,-41.050643,5.6,physics_ml_hybrid
A23A,2020-05-07T00:00:00Z,-75.7833,-41.0658,2020-05-08T00:00:00Z,24,-75.78314,-41.065532,3.2,physics_ml_hybrid
A23A,2020-05-07T00:00:00Z,-75.7833,-41.0658,2020-05-09T00:00:00Z,48,-75.78298,-41.065264,4.41,physics_ml_hybrid
A23A,2020-05-07T00:00:00Z,-75.7833,-41.0658,2020-05-10T00:00:00Z,72,-75.78282,-41.064996,5.61,physics_ml_hybrid
A23A,2020-07-23T00:00:00Z,-75.687,-40.7361,2020-07-24T00:00:00Z,24,-75.683441,-40.720685,3.28,physics_ml_hybrid
A23A,2020-07-23T00:00:00Z,-75.687,-40.7361,2020-07-25T00:00:00Z,48,-75.682274,-40.722824,4.49,physics_ml_hybrid
A23A,2020-07-23T00:00:00Z,-75.687,-40.7361,2020-07-26T00:00:00Z,72,-75.67992,-40.713739,5.74,physics_ml_hybrid
B47,2020-01-02T00:00:00Z,-73.7337,-133.1426,2020-01-03T00:00:00Z,24,-73.734383,-133.152371,3.24,physics_ml_hybrid
B47,2020-01-02T00:00:00Z,-73.7337,-133.1426,2020-01-04T00:00:00Z,48,-73.735066,-133.162142,4.49,physics_ml_hybrid
B47,2020-01-02T00:00:00Z,-73.7337,-133.1426,2020-01-05T00:00:00Z,72,-73.735748,-133.171913,5.73,physics_ml_hybrid
B47,2020-03-08T00:00:00Z,-73.7833,-133.75,2020-03-09T00:00:00Z,24,-73.783967,-133.75908,3.24,physics_ml_hybrid
B47,2020-03-08T00:00:00Z,-73.7833,-133.75,2020-03-10T00:00:00Z,48,-73.784635,-133.76816,4.48,physics_ml_hybrid
B47,2020-03-08T00:00:00Z,-73.7833,-133.75,2020-03-11T00:00:00Z,72,-73.785302,-133.77724,5.72,physics_ml_hybrid
B47,2020-05-14T00:00:00Z,-73.7676,-133.7494,2020-05-15T00:00:00Z,24,-73.768267,-133.758471,3.24,physics_ml_hybrid
B47,2020-05-14T00:00:00Z,-73.7676,-133.7494,2020-05-16T00:00:00Z,48,-73.768935,-133.767543,4.48,physics_ml_hybrid
B47,2020-05-14T00:00:00Z,-73.7676,-133.7494,2020-05-17T00:00:00Z,72,-73.769602,-133.776614,5.72,physics_ml_hybrid
B47,2020-07-20T00:00:00Z,-73.7833,-133.7374,2020-07-21T00:00:00Z,24,-73.782337,-133.740015,3.22,physics_ml_hybrid
B47,2020-07-20T00:00:00Z,-73.7833,-133.7374,2020-07-22T00:00:00Z,48,-73.781989,-133.748162,4.45,physics_ml_hybrid
B47,2020-07-20T00:00:00Z,-73.7833,-133.7374,2020-07-23T00:00:00Z,72,-73.783493,-133.772185,5.75,physics_ml_hybrid
C21B,2020-01-02T00:00:00Z,-64.9833,95.8667,2020-01-03T00:00:00Z,24,-64.98327,95.864721,3.21,physics_ml_hybrid
C21B,2020-01-02T00:00:00Z,-64.9833,95.8667,2020-01-04T00:00:00Z,48,-64.983241,95.862742,4.43,physics_ml_hybrid
C21B,2020-01-02T00:00:00Z,-64.9833,95.8667,2020-01-05T00:00:00Z,72,-64.983211,95.860763,5.64,physics_ml_hybrid
C21B,2020-03-08T00:00:00Z,-64.9833,95.8667,2020-03-09T00:00:00Z,24,-64.98327,95.864721,3.21,physics_ml_hybrid
C21B,2020-03-08T00:00:00Z,-64.9833,95.8667,2020-03-10T00:00:00Z,48,-64.983241,95.862742,4.43,physics_ml_hybrid
C21B,2020-03-08T00:00:00Z,-64.9833,95.8667,2020-03-11T00:00:00Z,72,-64.983211,95.860763,5.64,physics_ml_hybrid
C21B,2020-05-14T00:00:00Z,-64.9833,95.8667,2020-05-15T00:00:00Z,24,-64.98327,95.864721,3.21,physics_ml_hybrid
C21B,2020-05-14T00:00:00Z,-64.9833,95.8667,2020-05-16T00:00:00Z,48,-64.983241,95.862742,4.43,physics_ml_hybrid
C21B,2020-05-14T00:00:00Z,-64.9833,95.8667,2020-05-17T00:00:00Z,72,-64.983211,95.860763,5.64,physics_ml_hybrid
C21B,2020-07-20T00:00:00Z,-64.9833,95.8667,2020-07-21T00:00:00Z,24,-64.984454,95.857078,3.27,physics_ml_hybrid
C21B,2020-07-20T00:00:00Z,-64.9833,95.8667,2020-07-22T00:00:00Z,48,-64.989955,95.835111,4.63,physics_ml_hybrid
C21B,2020-07-20T00:00:00Z,-64.9833,95.8667,2020-07-23T00:00:00Z,72,-64.983854,95.830793,5.83,physics_ml_hybrid
A63,2020-01-02T00:00:00Z,-76.3,-46.7333,2020-01-03T00:00:00Z,24,-76.299586,-46.734305,3.21,physics_ml_hybrid
A63,2020-01-02T00:00:00Z,-76.3,-46.7333,2020-01-04T00:00:00Z,48,-76.299172,-46.735311,4.41,physics_ml_hybrid
A63,2020-01-02T00:00:00Z,-76.3,-46.7333,2020-01-05T00:00:00Z,72,-76.298758,-46.736316,5.62,physics_ml_hybrid
A63,2020-03-08T00:00:00Z,-76.2833,-46.8333,2020-03-09T00:00:00Z,24,-76.283191,-46.833283,3.2,physics_ml_hybrid
A63,2020-03-08T00:00:00Z,-76.2833,-46.8333,2020-03-10T00:00:00Z,48,-76.283082,-46.833267,4.4,physics_ml_hybrid
A63,2020-03-08T00:00:00Z,-76.2833,-46.8333,2020-03-11T00:00:00Z,72,-76.282973,-46.83325,5.61,physics_ml_hybrid
A63,2020-05-14T00:00:00Z,-76.2833,-46.8333,2020-05-15T00:00:00Z,24,-76.283191,-46.833283,3.2,physics_ml_hybrid
A63,2020-05-14T00:00:00Z,-76.2833,-46.8333,2020-05-16T00:00:00Z,48,-76.283082,-46.833267,4.4,physics_ml_hybrid
A63,2020-05-14T00:00:00Z,-76.2833,-46.8333,2020-05-17T00:00:00Z,72,-76.282973,-46.83325,5.61,physics_ml_hybrid
A63,2020-07-20T00:00:00Z,-75.0032,-45.3111,2020-07-21T00:00:00Z,24,-74.962763,-45.295733,3.83,physics_ml_hybrid
A63,2020-07-20T00:00:00Z,-75.0032,-45.3111,2020-07-22T00:00:00Z,48,-74.916845,-45.277035,5.74,physics_ml_hybrid
A63,2020-07-20T00:00:00Z,-75.0032,-45.3111,2020-07-23T00:00:00Z,72,-74.805059,-45.403497,8.68,physics_ml_hybrid
A68A,2020-01-02T00:00:00Z,-64.0071,-54.1638,2020-01-03T00:00:00Z,24,-63.98156,-54.104607,3.76,physics_ml_hybrid
A68A,2020-01-02T00:00:00Z,-64.0071,-54.1638,2020-01-04T00:00:00Z,48,-63.956019,-54.045415,5.52,physics_ml_hybrid
A68A,2020-01-02T00:00:00Z,-64.0071,-54.1638,2020-01-05T00:00:00Z,72,-63.930479,-53.986222,7.28,physics_ml_hybrid
A68A,2020-03-08T00:00:00Z,-62.1859,-53.1386,2020-03-09T00:00:00Z,24,-62.145337,-53.075145,3.97,physics_ml_hybrid
A68A,2020-03-08T00:00:00Z,-62.1859,-53.1386,2020-03-10T00:00:00Z,48,-62.105818,-53.000028,5.99,physics_ml_hybrid
A68A,2020-03-08T00:00:00Z,-62.1859,-53.1386,2020-03-11T00:00:00Z,72,-62.065777,-52.930742,7.98,physics_ml_hybrid
A68A,2020-05-14T00:00:00Z,-60.4769,-50.1305,2020-05-15T00:00:00Z,24,-60.459097,-50.106182,3.53,physics_ml_hybrid
A68A,2020-05-14T00:00:00Z,-60.4769,-50.1305,2020-05-16T00:00:00Z,48,-60.441294,-50.081863,5.06,physics_ml_hybrid
A68A,2020-05-14T00:00:00Z,-60.4769,-50.1305,2020-05-17T00:00:00Z,72,-60.423491,-50.057545,6.59,physics_ml_hybrid
A64,2020-01-02T00:00:00Z,-69.7333,-60.9833,2020-01-03T00:00:00Z,24,-69.733552,-60.982706,3.21,physics_ml_hybrid
A64,2020-01-02T00:00:00Z,-69.7333,-60.9833,2020-01-04T00:00:00Z,48,-69.733804,-60.982113,4.41,physics_ml_hybrid
A64,2020-01-02T00:00:00Z,-69.7333,-60.9833,2020-01-05T00:00:00Z,72,-69.734055,-60.981519,5.62,physics_ml_hybrid
A64,2020-03-08T00:00:00Z,-69.7333,-60.9833,2020-03-09T00:00:00Z,24,-69.733552,-60.982706,3.21,physics_ml_hybrid
A64,2020-03-08T00:00:00Z,-69.7333,-60.9833,2020-03-10T00:00:00Z,48,-69.733804,-60.982113,4.41,physics_ml_hybrid
A64,2020-03-08T00:00:00Z,-69.7333,-60.9833,2020-03-11T00:00:00Z,72,-69.734055,-60.981519,5.62,physics_ml_hybrid
A64,2020-05-14T00:00:00Z,-69.7333,-60.95,2020-05-15T00:00:00Z,24,-69.733552,-60.949406,3.21,physics_ml_hybrid
A64,2020-05-14T00:00:00Z,-69.7333,-60.95,2020-05-16T00:00:00Z,48,-69.733804,-60.948813,4.41,physics_ml_hybrid
A64,2020-05-14T00:00:00Z,-69.7333,-60.95,2020-05-17T00:00:00Z,72,-69.734055,-60.948219,5.62,physics_ml_hybrid
A64,2020-07-20T00:00:00Z,-69.7333,-60.9833,2020-07-21T00:00:00Z,24,-69.733221,-60.979913,3.22,physics_ml_hybrid
A64,2020-07-20T00:00:00Z,-69.7333,-60.9833,2020-07-22T00:00:00Z,48,-69.731663,-60.996834,4.48,physics_ml_hybrid
A64,2020-07-20T00:00:00Z,-69.7333,-60.9833,2020-07-23T00:00:00Z,72,-69.733626,-61.007956,5.73,physics_ml_hybrid
B09G,2020-01-02T00:00:00Z,-67.9667,41.7167,2020-01-03T00:00:00Z,24,-67.967003,41.708372,3.25,physics_ml_hybrid
B09G,2020-01-02T00:00:00Z,-67.9667,41.7167,2020-01-04T00:00:00Z,48,-67.967307,41.700044,4.5,physics_ml_hybrid
B09G,2020-01-02T00:00:00Z,-67.9667,41.7167,2020-01-05T00:00:00Z,72,-67.96761,41.691717,5.75,physics_ml_hybrid
B09G,2020-03-08T00:00:00Z,-67.9667,41.7167,2020-03-09T00:00:00Z,24,-67.967003,41.708372,3.25,physics_ml_hybrid
B09G,2020-03-08T00:00:00Z,-67.9667,41.7167,2020-03-10T00:00:00Z,48,-67.967307,41.700044,4.5,physics_ml_hybrid
B09G,2020-03-08T00:00:00Z,-67.9667,41.7167,2020-03-11T00:00:00Z,72,-67.96761,41.691717,5.75,physics_ml_hybrid
B09G,2020-05-14T00:00:00Z,-67.9685,41.6852,2020-05-15T00:00:00Z,24,-67.968803,41.676872,3.25,physics_ml_hybrid
B09G,2020-05-14T00:00:00Z,-67.9685,41.6852,2020-05-16T00:00:00Z,48,-67.969107,41.668543,4.5,physics_ml_hybrid
B09G,2020-05-14T00:00:00Z,-67.9685,41.6852,2020-05-17T00:00:00Z,72,-67.96941,41.660215,5.75,physics_ml_hybrid
B09G,2020-07-20T00:00:00Z,-67.9667,41.6833,2020-07-21T00:00:00Z,24,-67.965779,41.681049,3.22,physics_ml_hybrid
B09G,2020-07-20T00:00:00Z,-67.9667,41.6833,2020-07-22T00:00:00Z,48,-67.964387,41.684068,4.44,physics_ml_hybrid
B09G,2020-07-20T00:00:00Z,-67.9667,41.6833,2020-07-23T00:00:00Z,72,-67.970353,41.659305,5.75,physics_ml_hybrid
B15AB,2020-01-02T00:00:00Z,-66.0167,51.1167,2020-01-03T00:00:00Z,24,-66.017378,51.108712,3.25,physics_ml_hybrid
B15AB,2020-01-02T00:00:00Z,-66.0167,51.1167,2020-01-04T00:00:00Z,48,-66.018057,51.100724,4.5,physics_ml_hybrid
B15AB,2020-01-02T00:00:00Z,-66.0167,51.1167,2020-01-05T00:00:00Z,72,-66.018735,51.092736,5.75,physics_ml_hybrid
B15AB,2020-03-08T00:00:00Z,-66.0167,51.1167,2020-03-09T00:00:00Z,24,-66.017378,51.108712,3.25,physics_ml_hybrid
B15AB,2020-03-08T00:00:00Z,-66.0167,51.1167,2020-03-10T00:00:00Z,48,-66.018057,51.100724,4.5,physics_ml_hybrid
B15AB,2020-03-08T00:00:00Z,-66.0167,51.1167,2020-03-11T00:00:00Z,72,-66.018735,51.092736,5.75,physics_ml_hybrid
B15AB,2020-05-14T00:00:00Z,-66.0333,51.05,2020-05-15T00:00:00Z,24,-66.033978,51.042007,3.25,physics_ml_hybrid
B15AB,2020-05-14T00:00:00Z,-66.0333,51.05,2020-05-16T00:00:00Z,48,-66.034657,51.034014,4.5,physics_ml_hybrid
B15AB,2020-05-14T00:00:00Z,-66.0333,51.05,2020-05-17T00:00:00Z,72,-66.035335,51.02602,5.75,physics_ml_hybrid
B15AB,2020-07-20T00:00:00Z,-66.0333,51.05,2020-07-21T00:00:00Z,24,-66.033502,51.045412,3.23,physics_ml_hybrid
B15AB,2020-07-20T00:00:00Z,-66.0333,51.05,2020-07-22T00:00:00Z,48,-66.032249,51.0441,4.44,physics_ml_hybrid
B15AB,2020-07-20T00:00:00Z,-66.0333,51.05,2020-07-23T00:00:00Z,72,-66.035918,51.032081,5.72,physics_ml_hybrid
B46,2020-01-02T00:00:00Z,-74.45,-105.5667,2020-01-03T00:00:00Z,24,-74.449798,-105.568606,3.21,physics_ml_hybrid
B46,2020-01-02T00:00:00Z,-74.45,-105.5667,2020-01-04T00:00:00Z,48,-74.449597,-105.570512,4.42,physics_ml_hybrid
B46,2020-01-02T00:00:00Z,-74.45,-105.5667,2020-01-05T00:00:00Z,72,-74.449395,-105.572418,5.63,physics_ml_hybrid
B46,2020-03-08T00:00:00Z,-74.4366,-105.58,2020-03-09T00:00:00Z,24,-74.436398,-105.581905,3.21,physics_ml_hybrid
B46,2020-03-08T00:00:00Z,-74.4366,-105.58,2020-03-10T00:00:00Z,48,-74.436197,-105.583809,4.42,physics_ml_hybrid
B46,2020-03-08T00:00:00Z,-74.4366,-105.58,2020-03-11T00:00:00Z,72,-74.435995,-105.585714,5.63,physics_ml_hybrid
B46,2020-05-14T00:00:00Z,-74.4673,-105.7204,2020-05-15T00:00:00Z,24,-74.467098,-105.722308,3.21,physics_ml_hybrid
B46,2020-05-14T00:00:00Z,-74.4673,-105.7204,2020-05-16T00:00:00Z,48,-74.466897,-105.724216,4.42,physics_ml_hybrid
B46,2020-05-14T00:00:00Z,-74.4673,-105.7204,2020-05-17T00:00:00Z,72,-74.466695,-105.726125,5.63,physics_ml_hybrid
B46,2020-07-20T00:00:00Z,-74.4601,-106.1934,2020-07-21T00:00:00Z,24,-74.459086,-106.193912,3.22,physics_ml_hybrid
B46,2020-07-20T00:00:00Z,-74.4601,-106.1934,2020-07-22T00:00:00Z,48,-74.458824,-106.194095,4.42,physics_ml_hybrid
B46,2020-07-20T00:00:00Z,-74.4601,-106.1934,2020-07-23T00:00:00Z,72,-74.460913,-106.206966,5.66,physics_ml_hybrid
B09B,2020-01-02T00:00:00Z,-66.2667,143.3333,2020-01-03T00:00:00Z,24,-66.266569,143.331382,3.21,physics_ml_hybrid
B09B,2020-01-02T00:00:00Z,-66.2667,143.3333,2020-01-04T00:00:00Z,48,-66.266438,143.329464,4.42,physics_ml_hybrid
B09B,2020-01-02T00:00:00Z,-66.2667,143.3333,2020-01-05T00:00:00Z,72,-66.266307,143.327546,5.64,physics_ml_hybrid
B09B,2020-03-08T00:00:00Z,-66.2366,143.2866,2020-03-09T00:00:00Z,24,-66.236524,143.284214,3.21,physics_ml_hybrid
B09B,2020-03-08T00:00:00Z,-66.2366,143.2866,2020-03-10T00:00:00Z,48,-66.236448,143.281829,4.43,physics_ml_hybrid
B09B,2020-03-08T00:00:00Z,-66.2366,143.2866,2020-03-11T00:00:00Z,72,-66.236372,143.279443,5.64,physics_ml_hybrid
B09B,2020-05-14T00:00:00Z,-66.2333,143.1833,2020-05-15T00:00:00Z,24,-66.233224,143.180915,3.21,physics_ml_hybrid
B09B,2020-05-14T00:00:00Z,-66.2333,143.1833,2020-05-16T00:00:00Z,48,-66.233148,143.17853,4.43,physics_ml_hybrid
B09B,2020-05-14T00:00:00Z,-66.2333,143.1833,2020-05-17T00:00:00Z,72,-66.233072,143.176144,5.64,physics_ml_hybrid
B09B,2020-07-20T00:00:00Z,-66.2167,143.1333,2020-07-21T00:00:00Z,24,-66.21679,143.131341,3.21,physics_ml_hybrid
B09B,2020-07-20T00:00:00Z,-66.2167,143.1333,2020-07-22T00:00:00Z,48,-66.215869,143.133655,4.41,physics_ml_hybrid
B09B,2020-07-20T00:00:00Z,-66.2167,143.1333,2020-07-23T00:00:00Z,72,-66.21591,143.127215,5.64,physics_ml_hybrid
C33,2020-01-02T00:00:00Z,-66.3833,144.3667,2020-01-03T00:00:00Z,24,-66.383592,144.360628,3.24,physics_ml_hybrid
C33,2020-01-02T00:00:00Z,-66.3833,144.3667,2020-01-04T00:00:00Z,48,-66.383885,144.354557,4.48,physics_ml_hybrid
C33,2020-01-02T00:00:00Z,-66.3833,144.3667,2020-01-05T00:00:00Z,72,-66.384177,144.348485,5.71,physics_ml_hybrid
C33,2020-03-08T00:00:00Z,-65.6833,140.9313,2020-03-09T00:00:00Z,24,-65.669745,140.774459,4.22,physics_ml_hybrid
C33,2020-03-08T00:00:00Z,-65.6833,140.9313,2020-03-10T00:00:00Z,48,-65.65619,140.617618,6.43,physics_ml_hybrid
C33,2020-03-08T00:00:00Z,-65.6833,140.9313,2020-03-11T00:00:00Z,72,-65.642794,140.455049,8.69,physics_ml_hybrid
C33,2020-05-14T00:00:00Z,-65.1316,133.4096,2020-05-15T00:00:00Z,24,-65.151069,133.210668,4.52,physics_ml_hybrid
C33,2020-05-14T00:00:00Z,-65.1316,133.4096,2020-05-16T00:00:00Z,48,-65.170539,133.011737,7.05,physics_ml_hybrid
C33,2020-05-14T00:00:00Z,-65.1316,133.4096,2020-05-17T00:00:00Z,72,-65.190782,132.818574,9.54,physics_ml_hybrid
C33,2020-07-20T00:00:00Z,-65.4167,129.7833,2020-07-21T00:00:00Z,24,-65.415976,129.753791,3.39,physics_ml_hybrid
C33,2020-07-20T00:00:00Z,-65.4167,129.7833,2020-07-22T00:00:00Z,48,-65.417996,129.740034,4.68,physics_ml_hybrid
C33,2020-07-20T00:00:00Z,-65.4167,129.7833,2020-07-23T00:00:00Z,72,-65.415959,129.704743,6.1,physics_ml_hybrid
D15B,2020-01-02T00:00:00Z,-66.9833,81.5675,2020-01-03T00:00:00Z,24,-66.984258,81.562529,3.23,physics_ml_hybrid
D15B,2020-01-02T00:00:00Z,-66.9833,81.5675,2020-01-04T00:00:00Z,48,-66.985215,81.557558,4.47,physics_ml_hybrid
D15B,2020-01-02T00:00:00Z,-66.9833,81.5675,2020-01-05T00:00:00Z,72,-66.986173,81.552587,5.7,physics_ml_hybrid
D15B,2020-03-08T00:00:00Z,-66.9833,81.5833,2020-03-09T00:00:00Z,24,-66.984258,81.578329,3.23,physics_ml_hybrid
D15B,2020-03-08T00:00:00Z,-66.9833,81.5833,2020-03-10T00:00:00Z,48,-66.985215,81.573358,4.47,physics_ml_hybrid
D15B,2020-03-08T00:00:00Z,-66.9833,81.5833,2020-03-11T00:00:00Z,72,-66.986173,81.568387,5.7,physics_ml_hybrid
D15B,2020-05-14T00:00:00Z,-66.9833,81.5667,2020-05-15T00:00:00Z,24,-66.984258,81.561729,3.23,physics_ml_hybrid
D15B,2020-05-14T00:00:00Z,-66.9833,81.5667,2020-05-16T00:00:00Z,48,-66.985215,81.556758,4.47,physics_ml_hybrid
D15B,2020-05-14T00:00:00Z,-66.9833,81.5667,2020-05-17T00:00:00Z,72,-66.986173,81.551787,5.7,physics_ml_hybrid
D15B,2020-07-20T00:00:00Z,-66.9833,81.5667,2020-07-21T00:00:00Z,24,-66.984335,81.553389,3.28,physics_ml_hybrid
D15B,2020-07-20T00:00:00Z,-66.9833,81.5667,2020-07-22T00:00:00Z,48,-66.985992,81.540889,4.56,physics_ml_hybrid
D15B,2020-07-20T00:00:00Z,-66.9833,81.5667,2020-07-23T00:00:00Z,72,-66.984602,81.532825,5.81,physics_ml_hybrid
D21B,2020-01-02T00:00:00Z,-76.0645,-39.0072,2020-01-03T00:00:00Z,24,-76.054801,-38.978884,3.38,physics_ml_hybrid
D21B,2020-01-02T00:00:00Z,-76.0645,-39.0072,2020-01-04T00:00:00Z,48,-76.045102,-38.950569,4.77,physics_ml_hybrid
D21B,2020-01-02T00:00:00Z,-76.0645,-39.0072,2020-01-05T00:00:00Z,72,-76.035402,-38.922253,6.15,physics_ml_hybrid
D21B,2020-03-08T00:00:00Z,-74.9611,-35.4719,2020-03-09T00:00:00Z,24,-74.87834,-35.725097,4.83,physics_ml_hybrid
D21B,2020-03-08T00:00:00Z,-74.9611,-35.4719,2020-03-10T00:00:00Z,48,-74.795579,-35.978294,7.66,physics_ml_hybrid
D21B,2020-03-08T00:00:00Z,-74.9611,-35.4719,2020-03-11T00:00:00Z,72,-74.712112,-36.231691,10.5,physics_ml_hybrid
D21B,2020-05-14T00:00:00Z,-70.6171,-43.7278,2020-05-15T00:00:00Z,24,-70.548545,-43.754729,4.27,physics_ml_hybrid
D21B,2020-05-14T00:00:00Z,-70.6171,-43.7278,2020-05-16T00:00:00Z,48,-70.47999,-43.781658,6.53,physics_ml_hybrid
D21B,2020-05-14T00:00:00Z,-70.6171,-43.7278,2020-05-17T00:00:00Z,72,-70.411435,-43.808588,8.8,physics_ml_hybrid
D21B,2020-07-20T00:00:00Z,-67.5554,-43.876,2020-07-21T00:00:00Z,24,-67.517763,-43.856967,3.79,physics_ml_hybrid
D21B,2020-07-20T00:00:00Z,-67.5554,-43.876,2020-07-22T00:00:00Z,48,-67.414582,-43.980752,6.66,physics_ml_hybrid
D21B,2020-07-20T00:00:00Z,-67.5554,-43.876,2020-07-23T00:00:00Z,72,-67.439126,-43.806904,7.44,physics_ml_hybrid
D20A,2020-01-02T00:00:00Z,-68.7667,36.3167,2020-01-03T00:00:00Z,24,-68.766729,36.309084,3.24,physics_ml_hybrid
D20A,2020-01-02T00:00:00Z,-68.7667,36.3167,2020-01-04T00:00:00Z,48,-68.766759,36.301467,4.49,physics_ml_hybrid
D20A,2020-01-02T00:00:00Z,-68.7667,36.3167,2020-01-05T00:00:00Z,72,-68.766788,36.293851,5.73,physics_ml_hybrid
D20A,2020-03-08T00:00:00Z,-68.6833,36.2333,2020-03-09T00:00:00Z,24,-68.683364,36.225736,3.24,physics_ml_hybrid
D20A,2020-03-08T00:00:00Z,-68.6833,36.2333,2020-03-10T00:00:00Z,48,-68.683429,36.218171,4.48,physics_ml_hybrid
D20A,2020-03-08T00:00:00Z,-68.6833,36.2333,2020-03-11T00:00:00Z,72,-68.683493,36.210607,5.73,physics_ml_hybrid
D20A,2020-05-14T00:00:00Z,-68.6509,36.2658,2020-05-15T00:00:00Z,24,-68.650959,36.258243,3.24,physics_ml_hybrid
D20A,2020-05-14T00:00:00Z,-68.6509,36.2658,2020-05-16T00:00:00Z,48,-68.651018,36.250685,4.48,physics_ml_hybrid
D20A,2020-05-14T00:00:00Z,-68.6509,36.2658,2020-05-17T00:00:00Z,72,-68.651077,36.243128,5.73,physics_ml_hybrid
D20A,2020-07-20T00:00:00Z,-68.65,36.2667,2020-07-21T00:00:00Z,24,-68.648726,36.265508,3.22,physics_ml_hybrid
D20A,2020-07-20T00:00:00Z,-68.65,36.2667,2020-07-22T00:00:00Z,48,-68.648749,36.267786,4.42,physics_ml_hybrid
D20A,2020-07-20T00:00:00Z,-68.65,36.2667,2020-07-23T00:00:00Z,72,-68.651573,36.231747,5.8,physics_ml_hybrid
D27,2020-01-02T00:00:00Z,-67.2667,81.8667,2020-01-03T00:00:00Z,24,-67.267381,81.859699,3.24,physics_ml_hybrid
D27,2020-01-02T00:00:00Z,-67.2667,81.8667,2020-01-04T00:00:00Z,48,-67.268063,81.852699,4.49,physics_ml_hybrid
D27,2020-01-02T00:00:00Z,-67.2667,81.8667,2020-01-05T00:00:00Z,72,-67.268744,81.845698,5.73,physics_ml_hybrid
D27,2020-03-08T00:00:00Z,-67.2667,81.8667,2020-03-09T00:00:00Z,24,-67.267381,81.859699,3.24,physics_ml_hybrid
D27,2020-03-08T00:00:00Z,-67.2667,81.8667,2020-03-10T00:00:00Z,48,-67.268063,81.852699,4.49,physics_ml_hybrid
D27,2020-03-08T00:00:00Z,-67.2667,81.8667,2020-03-11T00:00:00Z,72,-67.268744,81.845698,5.73,physics_ml_hybrid
D27,2020-05-14T00:00:00Z,-67.2667,81.6778,2020-05-15T00:00:00Z,24,-67.267381,81.670799,3.24,physics_ml_hybrid
D27,2020-05-14T00:00:00Z,-67.2667,81.6778,2020-05-16T00:00:00Z,48,-67.268063,81.663799,4.49,physics_ml_hybrid
D27,2020-05-14T00:00:00Z,-67.2667,81.6778,2020-05-17T00:00:00Z,72,-67.268744,81.656798,5.73,physics_ml_hybrid
D27,2020-07-20T00:00:00Z,-67.5566,79.4298,2020-07-21T00:00:00Z,24,-67.557373,79.416853,3.28,physics_ml_hybrid
D27,2020-07-20T00:00:00Z,-67.5566,79.4298,2020-07-22T00:00:00Z,48,-67.560523,79.400053,4.59,physics_ml_hybrid
D27,2020-07-20T00:00:00Z,-67.5566,79.4298,2020-07-23T00:00:00Z,72,-67.558663,79.391142,5.83,physics_ml_hybrid
B45,2020-01-02T00:00:00Z,-74.7,-109.3667,2020-01-03T00:00:00Z,24,-74.699949,-109.368412,3.21,physics_ml_hybrid
B45,2020-01-02T00:00:00Z,-74.7,-109.3667,2020-01-04T00:00:00Z,48,-74.699897,-109.370124,4.41,physics_ml_hybrid
B45,2020-01-02T00:00:00Z,-74.7,-109.3667,2020-01-05T00:00:00Z,72,-74.699846,-109.371835,5.62,physics_ml_hybrid
B45,2020-03-08T00:00:00Z,-74.7,-109.35,2020-03-09T00:00:00Z,24,-74.699949,-109.351712,3.21,physics_ml_hybrid
B45,2020-03-08T00:00:00Z,-74.7,-109.35,2020-03-10T00:00:00Z,48,-74.699897,-109.353424,4.41,physics_ml_hybrid
B45,2020-03-08T00:00:00Z,-74.7,-109.35,2020-03-11T00:00:00Z,72,-74.699846,-109.355135,5.62,physics_ml_hybrid
B45,2020-05-14T00:00:00Z,-74.6842,-109.35,2020-05-15T00:00:00Z,24,-74.684149,-109.35171,3.21,physics_ml_hybrid
B45,2020-05-14T00:00:00Z,-74.6842,-109.35,2020-05-16T00:00:00Z,48,-74.684097,-109.35342,4.41,physics_ml_hybrid
B45,2020-05-14T00:00:00Z,-74.6842,-109.35,2020-05-17T00:00:00Z,72,-74.684046,-109.35513,5.62,physics_ml_hybrid
B45,2020-07-20T00:00:00Z,-74.6833,-109.35,2020-07-21T00:00:00Z,24,-74.682753,-109.351863,3.21,physics_ml_hybrid
B45,2020-07-20T00:00:00Z,-74.6833,-109.35,2020-07-22T00:00:00Z,48,-74.683114,-109.349535,4.4,physics_ml_hybrid
B45,2020-07-20T00:00:00Z,-74.6833,-109.35,2020-07-23T00:00:00Z,72,-74.685235,-109.363097,5.66,physics_ml_hybrid
B42,2020-01-02T00:00:00Z,-73.05,-125.7333,2020-01-03T00:00:00Z,24,-73.05051,-125.740068,3.23,physics_ml_hybrid
B42,2020-01-02T00:00:00Z,-73.05,-125.7333,2020-01-04T00:00:00Z,48,-73.051019,-125.746837,4.46,physics_ml_hybrid
B42,2020-01-02T00:00:00Z,-73.05,-125.7333,2020-01-05T00:00:00Z,72,-73.051529,-125.753605,5.69,physics_ml_hybrid
B42,2020-03-08T00:00:00Z,-73.0467,-125.6601,2020-03-09T00:00:00Z,24,-73.04721,-125.666867,3.23,physics_ml_hybrid
B42,2020-03-08T00:00:00Z,-73.0467,-125.6601,2020-03-10T00:00:00Z,48,-73.047719,-125.673634,4.46,physics_ml_hybrid
B42,2020-03-08T00:00:00Z,-73.0467,-125.6601,2020-03-11T00:00:00Z,72,-73.048229,-125.680401,5.69,physics_ml_hybrid
B42,2020-05-14T00:00:00Z,-72.9833,-126.4204,2020-05-15T00:00:00Z,24,-72.983853,-126.426976,3.23,physics_ml_hybrid
B42,2020-05-14T00:00:00Z,-72.9833,-126.4204,2020-05-16T00:00:00Z,48,-72.984407,-126.433553,4.46,physics_ml_hybrid
B42,2020-05-14T00:00:00Z,-72.9833,-126.4204,2020-05-17T00:00:00Z,72,-72.98496,-126.440129,5.69,physics_ml_hybrid
B42,2020-07-20T00:00:00Z,-73.0167,-126.4857,2020-07-21T00:00:00Z,24,-73.015813,-126.489166,3.22,physics_ml_hybrid
B42,2020-07-20T00:00:00Z,-73.0167,-126.4857,2020-07-22T00:00:00Z,48,-73.014944,-126.496775,4.46,physics_ml_hybrid
B42,2020-07-20T00:00:00Z,-73.0167,-126.4857,2020-07-23T00:00:00Z,72,-73.015263,-126.510387,5.71,physics_ml_hybrid
C24,2020-01-02T00:00:00Z,-64.8333,96.0325,2020-01-03T00:00:00Z,24,-64.833101,96.03065,3.21,physics_ml_hybrid
C24,2020-01-02T00:00:00Z,-64.8333,96.0325,2020-01-04T00:00:00Z,48,-64.832902,96.0288,4.43,physics_ml_hybrid
C24,2020-01-02T00:00:00Z,-64.8333,96.0325,2020-01-05T00:00:00Z,72,-64.832704,96.02695,5.64,physics_ml_hybrid
C24,2020-03-08T00:00:00Z,-64.8333,96.0167,2020-03-09T00:00:00Z,24,-64.833101,96.01485,3.21,physics_ml_hybrid
C24,2020-03-08T00:00:00Z,-64.8333,96.0167,2020-03-10T00:00:00Z,48,-64.832902,96.013,4.43,physics_ml_hybrid
C24,2020-03-08T00:00:00Z,-64.8333,96.0167,2020-03-11T00:00:00Z,72,-64.832704,96.01115,5.64,physics_ml_hybrid
C24,2020-05-14T00:00:00Z,-64.8333,96.0167,2020-05-15T00:00:00Z,24,-64.833101,96.01485,3.21,physics_ml_hybrid
C24,2020-05-14T00:00:00Z,-64.8333,96.0167,2020-05-16T00:00:00Z,48,-64.832902,96.013,4.43,physics_ml_hybrid
C24,2020-05-14T00:00:00Z,-64.8333,96.0167,2020-05-17T00:00:00Z,72,-64.832704,96.01115,5.64,physics_ml_hybrid
C24,2020-07-20T00:00:00Z,-64.8333,96.0167,2020-07-21T00:00:00Z,24,-64.834573,96.007695,3.26,physics_ml_hybrid
C24,2020-07-20T00:00:00Z,-64.8333,96.0167,2020-07-22T00:00:00Z,48,-64.840611,95.989078,4.61,physics_ml_hybrid
C24,2020-07-20T00:00:00Z,-64.8333,96.0167,2020-07-23T00:00:00Z,72,-64.834438,95.980427,5.84,physics_ml_hybrid
D28,2020-01-02T00:00:00Z,-68.0597,71.0662,2020-01-03T00:00:00Z,24,-68.048728,71.084512,3.4,physics_ml_hybrid
D28,2020-01-02T00:00:00Z,-68.0597,71.0662,2020-01-04T00:00:00Z,48,-68.037756,71.102824,4.8,physics_ml_hybrid
D28,2020-01-02T00:00:00Z,-68.0597,71.0662,2020-01-05T00:00:00Z,72,-68.026784,71.121136,6.2,physics_ml_hybrid
D28,2020-03-08T00:00:00Z,-67.3132,72.8545,2020-03-09T00:00:00Z,24,-67.304094,72.8848,3.43,physics_ml_hybrid
D28,2020-03-08T00:00:00Z,-67.3132,72.8545,2020-03-10T00:00:00Z,48,-67.294988,72.9151,4.86,physics_ml_hybrid
D28,2020-03-08T00:00:00Z,-67.3132,72.8545,2020-03-11T00:00:00Z,72,-67.287611,72.94853,6.28,physics_ml_hybrid
D28,2020-05-14T00:00:00Z,-66.6104,70.023,2020-05-15T00:00:00Z,24,-66.626833,69.746641,4.91,physics_ml_hybrid
D28,2020-05-14T00:00:00Z,-66.6104,70.023,2020-05-16T00:00:00Z,48,-66.644843,69.472429,7.81,physics_ml_hybrid
D28,2020-05-14T00:00:00Z,-66.6104,70.023,2020-05-17T00:00:00Z,72,-66.662064,69.197144,10.72,physics_ml_hybrid
D28,2020-07-20T00:00:00Z,-66.5509,59.6701,2020-07-21T00:00:00Z,24,-66.544304,59.606352,3.6,physics_ml_hybrid
D28,2020-07-20T00:00:00Z,-66.5509,59.6701,2020-07-22T00:00:00Z,48,-66.54513,59.555044,5.11,physics_ml_hybrid
D28,2020-07-20T00:00:00Z,-66.5509,59.6701,2020-07-23T00:00:00Z,72,-66.543517,59.584716,6.14,physics_ml_hybrid
D26,2020-01-02T00:00:00Z,-69.3984,29.3365,2020-01-03T00:00:00Z,24,-69.398047,29.331115,3.23,physics_ml_hybrid
D26,2020-01-02T00:00:00Z,-69.3984,29.3365,2020-01-04T00:00:00Z,48,-69.397693,29.32573,4.46,physics_ml_hybrid
D26,2020-01-02T00:00:00Z,-69.3984,29.3365,2020-01-05T00:00:00Z,72,-69.39734,29.320344,5.69,physics_ml_hybrid
D26,2020-03-08T00:00:00Z,-69.3667,29.4,2020-03-09T00:00:00Z,24,-69.366576,29.396578,3.22,physics_ml_hybrid
D26,2020-03-08T00:00:00Z,-69.3667,29.4,2020-03-10T00:00:00Z,48,-69.366452,29.393156,4.44,physics_ml_hybrid
D26,2020-03-08T00:00:00Z,-69.3667,29.4,2020-03-11T00:00:00Z,72,-69.366328,29.389735,5.66,physics_ml_hybrid
D26,2020-05-14T00:00:00Z,-69.3685,29.3963,2020-05-15T00:00:00Z,24,-69.368351,29.392926,3.22,physics_ml_hybrid
D26,2020-05-14T00:00:00Z,-69.3685,29.3963,2020-05-16T00:00:00Z,48,-69.368201,29.389552,4.44,physics_ml_hybrid
D26,2020-05-14T00:00:00Z,-69.3685,29.3963,2020-05-17T00:00:00Z,72,-69.368052,29.386178,5.66,physics_ml_hybrid
D26,2020-07-20T00:00:00Z,-69.3798,29.3737,2020-07-21T00:00:00Z,24,-69.379976,29.369681,3.22,physics_ml_hybrid
D26,2020-07-20T00:00:00Z,-69.3798,29.3737,2020-07-22T00:00:00Z,48,-69.405893,29.262572,5.13,physics_ml_hybrid
D26,2020-07-20T00:00:00Z,-69.3798,29.3737,2020-07-23T00:00:00Z,72,-69.380835,29.326876,5.85,physics_ml_hybrid
B29,2020-01-02T00:00:00Z,-74.5333,-108.9167,2020-01-03T00:00:00Z,24,-74.533102,-108.918513,3.21,physics_ml_hybrid
B29,2020-01-02T00:00:00Z,-74.5333,-108.9167,2020-01-04T00:00:00Z,48,-74.532904,-108.920325,4.42,physics_ml_hybrid
B29,2020-01-02T00:00:00Z,-74.5333,-108.9167,2020-01-05T00:00:00Z,72,-74.532707,-108.922138,5.62,physics_ml_hybrid
B29,2020-03-08T00:00:00Z,-74.5167,-108.9,2020-03-09T00:00:00Z,24,-74.516502,-108.901811,3.21,physics_ml_hybrid
B29,2020-03-08T00:00:00Z,-74.5167,-108.9,2020-03-10T00:00:00Z,48,-74.516304,-108.903621,4.42,physics_ml_hybrid
B29,2020-03-08T00:00:00Z,-74.5167,-108.9,2020-03-11T00:00:00Z,72,-74.516107,-108.905432,5.62,physics_ml_hybrid
B29,2020-05-14T00:00:00Z,-74.5167,-108.9158,2020-05-15T00:00:00Z,24,-74.516502,-108.917611,3.21,physics_ml_hybrid
B29,2020-05-14T00:00:00Z,-74.5167,-108.9158,2020-05-16T00:00:00Z,48,-74.516304,-108.919421,4.42,physics_ml_hybrid
B29,2020-05-14T00:00:00Z,-74.5167,-108.9158,2020-05-17T00:00:00Z,72,-74.516107,-108.921232,5.62,physics_ml_hybrid
B29,2020-07-20T00:00:00Z,-74.5167,-108.9167,2020-07-21T00:00:00Z,24,-74.515814,-108.916734,3.21,physics_ml_hybrid
B29,2020-07-20T00:00:00Z,-74.5167,-108.9167,2020-07-22T00:00:00Z,48,-74.515524,-108.916882,4.42,physics_ml_hybrid
B29,2020-07-20T00:00:00Z,-74.5167,-108.9167,2020-07-23T00:00:00Z,72,-74.517544,-108.930122,5.66,physics_ml_hybrid
B28,2020-01-02T00:00:00Z,-74.7,-108.8,2020-01-03T00:00:00Z,24,-74.699949,-108.801712,3.21,physics_ml_hybrid
B28,2020-01-02T00:00:00Z,-74.7,-108.8,2020-01-04T00:00:00Z,48,-74.699897,-108.803424,4.41,physics_ml_hybrid
B28,2020-01-02T00:00:00Z,-74.7,-108.8,2020-01-05T00:00:00Z,72,-74.699846,-108.805135,5.62,physics_ml_hybrid
B28,2020-03-08T00:00:00Z,-74.6833,-108.7833,2020-03-09T00:00:00Z,24,-74.683249,-108.78501,3.21,physics_ml_hybrid
B28,2020-03-08T00:00:00Z,-74.6833,-108.7833,2020-03-10T00:00:00Z,48,-74.683197,-108.78672,4.41,physics_ml_hybrid
B28,2020-03-08T00:00:00Z,-74.6833,-108.7833,2020-03-11T00:00:00Z,72,-74.683146,-108.78843,5.62,physics_ml_hybrid
B28,2020-05-14T00:00:00Z,-74.6833,-108.7833,2020-05-15T00:00:00Z,24,-74.683249,-108.78501,3.21,physics_ml_hybrid
B28,2020-05-14T00:00:00Z,-74.6833,-108.7833,2020-05-16T00:00:00Z,48,-74.683197,-108.78672,4.41,physics_ml_hybrid
B28,2020-05-14T00:00:00Z,-74.6833,-108.7833,2020-05-17T00:00:00Z,72,-74.683146,-108.78843,5.62,physics_ml_hybrid
B28,2020-07-20T00:00:00Z,-74.6833,-108.7833,2020-07-21T00:00:00Z,24,-74.682753,-108.785163,3.21,physics_ml_hybrid
B28,2020-07-20T00:00:00Z,-74.6833,-108.7833,2020-07-22T00:00:00Z,48,-74.683114,-108.782835,4.4,physics_ml_hybrid
B28,2020-07-20T00:00:00Z,-74.6833,-108.7833,2020-07-23T00:00:00Z,72,-74.685235,-108.796397,5.66,physics_ml_hybrid
B39,2020-01-02T00:00:00Z,-66.7508,80.7195,2020-01-03T00:00:00Z,24,-66.755192,80.707888,3.3,physics_ml_hybrid
B39,2020-01-02T00:00:00Z,-66.7508,80.7195,2020-01-04T00:00:00Z,48,-66.759584,80.696276,4.6,physics_ml_hybrid
B39,2020-01-02T00:00:00Z,-66.7508,80.7195,2020-01-05T00:00:00Z,72,-66.763976,80.684665,5.89,physics_ml_hybrid
B39,2020-03-08T00:00:00Z,-68.5174,76.1483,2020-03-09T00:00:00Z,24,-68.51771,76.130045,3.3,physics_ml_hybrid
B39,2020-03-08T00:00:00Z,-68.5174,76.1483,2020-03-10T00:00:00Z,48,-68.518021,76.111789,4.61,physics_ml_hybrid
B39,2020-03-08T00:00:00Z,-68.5174,76.1483,2020-03-11T00:00:00Z,72,-68.518331,76.093534,5.91,physics_ml_hybrid
B39,2020-05-14T00:00:00Z,-67.8223,75.0915,2020-05-15T00:00:00Z,24,-67.821665,75.07519,3.3,physics_ml_hybrid
B39,2020-05-14T00:00:00Z,-67.8223,75.0915,2020-05-16T00:00:00Z,48,-67.820827,75.058178,4.6,physics_ml_hybrid
B39,2020-05-14T00:00:00Z,-67.8223,75.0915,2020-05-17T00:00:00Z,72,-67.82009,75.041518,5.89,physics_ml_hybrid
B39,2020-07-20T00:00:00Z,-66.646,62.9842,2020-07-21T00:00:00Z,24,-66.641936,62.725789,4.78,physics_ml_hybrid
B39,2020-07-20T00:00:00Z,-66.646,62.9842,2020-07-22T00:00:00Z,48,-66.642459,62.513137,7.28,physics_ml_hybrid
B39,2020-07-20T00:00:00Z,-66.646,62.9842,2020-07-23T00:00:00Z,72,-66.641748,62.34852,9.49,physics_ml_hybrid
B38,2020-01-02T00:00:00Z,-76.9833,-155.0833,2020-01-03T00:00:00Z,24,-76.983417,-155.084894,3.21,physics_ml_hybrid
B38,2020-01-02T00:00:00Z,-76.9833,-155.0833,2020-01-04T00:00:00Z,48,-76.983534,-155.086488,4.41,physics_ml_hybrid
B38,2020-01-02T00:00:00Z,-76.9833,-155.0833,2020-01-05T00:00:00Z,72,-76.983652,-155.088083,5.62,physics_ml_hybrid
B38,2020-03-08T00:00:00Z,-76.97,-154.9833,2020-03-09T00:00:00Z,24,-76.970117,-154.984893,3.21,physics_ml_hybrid
B38,2020-03-08T00:00:00Z,-76.97,-154.9833,2020-03-10T00:00:00Z,48,-76.970234,-154.986485,4.41,physics_ml_hybrid
B38,2020-03-08T00:00:00Z,-76.97,-154.9833,2020-03-11T00:00:00Z,72,-76.970352,-154.988078,5.62,physics_ml_hybrid
B38,2020-05-14T00:00:00Z,-76.9842,-155.0312,2020-05-15T00:00:00Z,24,-76.984317,-155.032794,3.21,physics_ml_hybrid
B38,2020-05-14T00:00:00Z,-76.9842,-155.0312,2020-05-16T00:00:00Z,48,-76.984434,-155.034389,4.41,physics_ml_hybrid
B38,2020-05-14T00:00:00Z,-76.9842,-155.0312,2020-05-17T00:00:00Z,72,-76.984552,-155.035983,5.62,physics_ml_hybrid
B38,2020-07-20T00:00:00Z,-77.0,-155.0167,2020-07-21T00:00:00Z,24,-77.000114,-155.017904,3.2,physics_ml_hybrid
B38,2020-07-20T00:00:00Z,-77.0,-155.0167,2020-07-22T00:00:00Z,48,-77.00076,-155.017547,4.41,physics_ml_hybrid
B38,2020-07-20T00:00:00Z,-77.0,-155.0167,2020-07-23T00:00:00Z,72,-77.002811,-155.030205,5.66,physics_ml_hybrid
B40,2020-01-02T00:00:00Z,-65.5849,132.2032,2020-01-03T00:00:00Z,24,-65.585346,132.196514,3.24,physics_ml_hybrid
B40,2020-01-02T00:00:00Z,-65.5849,132.2032,2020-01-04T00:00:00Z,48,-65.585793,132.189829,4.49,physics_ml_hybrid
B40,2020-01-02T00:00:00Z,-65.5849,132.2032,2020-01-05T00:00:00Z,72,-65.586239,132.183143,5.73,physics_ml_hybrid
B40,2020-03-08T00:00:00Z,-65.65,132.1833,2020-03-09T00:00:00Z,24,-65.650304,132.179875,3.22,physics_ml_hybrid
B40,2020-03-08T00:00:00Z,-65.65,132.1833,2020-03-10T00:00:00Z,48,-65.650607,132.17645,4.44,physics_ml_hybrid
B40,2020-03-08T00:00:00Z,-65.65,132.1833,2020-03-11T00:00:00Z,72,-65.650911,132.173024,5.67,physics_ml_hybrid
B40,2020-05-14T00:00:00Z,-65.65,132.1667,2020-05-15T00:00:00Z,24,-65.650304,132.163275,3.22,physics_ml_hybrid
B40,2020-05-14T00:00:00Z,-65.65,132.1667,2020-05-16T00:00:00Z,48,-65.650607,132.15985,4.44,physics_ml_hybrid
B40,2020-05-14T00:00:00Z,-65.65,132.1667,2020-05-17T00:00:00Z,72,-65.650911,132.156424,5.67,physics_ml_hybrid
B40,2020-07-20T00:00:00Z,-65.65,132.1667,2020-07-21T00:00:00Z,24,-65.649934,132.154238,3.28,physics_ml_hybrid
B40,2020-07-20T00:00:00Z,-65.65,132.1667,2020-07-22T00:00:00Z,48,-65.649345,132.136449,4.59,physics_ml_hybrid
B40,2020-07-20T00:00:00Z,-65.65,132.1667,2020-07-23T00:00:00Z,72,-65.650667,132.094833,6.06,physics_ml_hybrid
B37,2020-01-02T00:00:00Z,-72.7172,-111.0137,2020-01-03T00:00:00Z,24,-72.717648,-111.019329,3.23,physics_ml_hybrid
B37,2020-01-02T00:00:00Z,-72.7172,-111.0137,2020-01-04T00:00:00Z,48,-72.718096,-111.024958,4.45,physics_ml_hybrid
B37,2020-01-02T00:00:00Z,-72.7172,-111.0137,2020-01-05T00:00:00Z,72,-72.718544,-111.030587,5.68,physics_ml_hybrid
B37,2020-03-08T00:00:00Z,-72.6199,-111.7614,2020-03-09T00:00:00Z,24,-72.620365,-111.768583,3.23,physics_ml_hybrid
B37,2020-03-08T00:00:00Z,-72.6199,-111.7614,2020-03-10T00:00:00Z,48,-72.62083,-111.775767,4.47,physics_ml_hybrid
B37,2020-03-08T00:00:00Z,-72.6199,-111.7614,2020-03-11T00:00:00Z,72,-72.621296,-111.78295,5.7,physics_ml_hybrid
B37,2020-05-14T00:00:00Z,-72.6815,-111.3833,2020-05-15T00:00:00Z,24,-72.681948,-111.388918,3.23,physics_ml_hybrid
B37,2020-05-14T00:00:00Z,-72.6815,-111.3833,2020-05-16T00:00:00Z,48,-72.682396,-111.394536,4.45,physics_ml_hybrid
B37,2020-05-14T00:00:00Z,-72.6815,-111.3833,2020-05-17T00:00:00Z,72,-72.682844,-111.400153,5.68,physics_ml_hybrid
B37,2020-07-20T00:00:00Z,-72.7,-111.5833,2020-07-21T00:00:00Z,24,-72.699212,-111.585426,3.22,physics_ml_hybrid
B37,2020-07-20T00:00:00Z,-72.7,-111.5833,2020-07-22T00:00:00Z,48,-72.698216,-111.58949,4.44,physics_ml_hybrid
B37,2020-07-20T00:00:00Z,-72.7,-111.5833,2020-07-23T00:00:00Z,72,-72.697778,-111.591219,5.65,physics_ml_hybrid
B09I,2020-01-02T00:00:00Z,-67.9229,40.1409,2020-01-03T00:00:00Z,24,-67.928438,40.099462,3.45,physics_ml_hybrid
B09I,2020-01-02T00:00:00Z,-67.9229,40.1409,2020-01-04T00:00:00Z,48,-67.933966,40.057839,4.91,physics_ml_hybrid
B09I,2020-01-02T00:00:00Z,-67.9229,40.1409,2020-01-05T00:00:00Z,72,-67.939484,40.016173,6.37,physics_ml_hybrid
B09I,2020-03-07T00:00:00Z,-68.6145,31.6414,2020-03-08T00:00:00Z,24,-68.635893,31.549583,3.81,physics_ml_hybrid
B09I,2020-03-07T00:00:00Z,-68.6145,31.6414,2020-03-09T00:00:00Z,48,-68.650681,31.483631,5.45,physics_ml_hybrid
B09I,2020-03-07T00:00:00Z,-68.6145,31.6414,2020-03-10T00:00:00Z,72,-68.671767,31.394578,7.24,physics_ml_hybrid
B09I,2020-05-18T00:00:00Z,-70.1786,-9.1273,2020-05-19T00:00:00Z,24,-70.257569,-9.4669,5.35,physics_ml_hybrid
B09I,2020-05-18T00:00:00Z,-70.1786,-9.1273,2020-05-20T00:00:00Z,48,-70.336538,-9.806499,8.71,physics_ml_hybrid
B09I,2020-05-18T00:00:00Z,-70.1786,-9.1273,2020-05-21T00:00:00Z,72,-70.415507,-10.146099,12.06,physics_ml_hybrid
B09I,2020-07-22T00:00:00Z,-73.2401,-30.3011,2020-07-23T00:00:00Z,24,-73.193459,-30.419203,4.09,physics_ml_hybrid
B09I,2020-07-22T00:00:00Z,-73.2401,-30.3011,2020-07-24T00:00:00Z,48,-73.173504,-30.505742,5.77,physics_ml_hybrid
B09I,2020-07-22T00:00:00Z,-73.2401,-30.3011,2020-07-25T00:00:00Z,72,-73.139276,-30.598978,7.64,physics_ml_hybrid
C34,2020-01-02T00:00:00Z,-65.1182,115.8014,2020-01-03T00:00:00Z,24,-65.123554,115.656683,4.14,physics_ml_hybrid
C34,2020-01-02T00:00:00Z,-65.1182,115.8014,2020-01-04T00:00:00Z,48,-65.128698,115.510394,6.29,physics_ml_hybrid
C34,2020-01-02T00:00:00Z,-65.1182,115.8014,2020-01-05T00:00:00Z,72,-65.133857,115.35942,8.48,physics_ml_hybrid
C34,2020-02-29T00:00:00Z,-65.6268,108.7315,2020-03-01T00:00:00Z,24,-65.626739,108.671289,3.58,physics_ml_hybrid
C34,2020-02-29T00:00:00Z,-65.6268,108.7315,2020-03-02T00:00:00Z,48,-65.626679,108.611078,5.17,physics_ml_hybrid
C34,2020-02-29T00:00:00Z,-65.6268,108.7315,2020-03-03T00:00:00Z,72,-65.626618,108.550867,6.75,physics_ml_hybrid
C34,2020-04-27T00:00:00Z,-64.7754,103.3357,2020-04-28T00:00:00Z,24,-64.775887,103.072938,4.93,physics_ml_hybrid
C34,2020-04-27T00:00:00Z,-64.7754,103.3357,2020-04-29T00:00:00Z,48,-64.77654,102.810157,7.85,physics_ml_hybrid
C34,2020-04-27T00:00:00Z,-64.7754,103.3357,2020-04-30T00:00:00Z,72,-64.777123,102.547046,10.78,physics_ml_hybrid
C34,2020-06-24T00:00:00Z,-64.5642,99.0783,2020-06-25T00:00:00Z,24,-64.551152,99.019548,3.64,physics_ml_hybrid
C34,2020-06-24T00:00:00Z,-64.5642,99.0783,2020-06-26T00:00:00Z,48,-64.549784,98.913843,5.51,physics_ml_hybrid
C34,2020-06-24T00:00:00Z,-64.5642,99.0783,2020-06-27T00:00:00Z,72,-64.542417,98.836753,7.23,physics_ml_hybrid
B50,2020-04-15T00:00:00Z,-73.75,-128.6833,2020-04-16T00:00:00Z,24,-73.750683,-128.69308,3.24,physics_ml_hybrid
B50,2020-04-15T00:00:00Z,-73.75,-128.6833,2020-04-17T00:00:00Z,48,-73.751366,-128.702861,4.49,physics_ml_hybrid
B50,2020-04-15T00:00:00Z,-73.75,-128.6833,2020-04-18T00:00:00Z,72,-73.752048,-128.712641,5.73,physics_ml_hybrid
B50,2020-05-25T00:00:00Z,-73.8794,-128.5968,2020-05-26T00:00:00Z,24,-73.879495,-128.641232,3.39,physics_ml_hybrid
B50,2020-05-25T00:00:00Z,-73.8794,-128.5968,2020-05-27T00:00:00Z,48,-73.879197,-128.679947,4.76,physics_ml_hybrid
B50,2020-05-25T00:00:00Z,-73.8794,-128.5968,2020-05-28T00:00:00Z,72,-73.879096,-128.721521,6.13,physics_ml_hybrid
B50,2020-07-05T00:00:00Z,-73.8602,-130.7065,2020-07-06T00:00:00Z,24,-73.85875,-130.732336,3.31,physics_ml_hybrid
B50,2020-07-05T00:00:00Z,-73.8602,-130.7065,2020-07-07T00:00:00Z,48,-73.857757,-130.765373,4.66,physics_ml_hybrid
B50,2020-07-05T00:00:00Z,-73.8602,-130.7065,2020-07-08T00:00:00Z,72,-73.858319,-130.793365,5.97,physics_ml_hybrid
B50,2020-08-15T00:00:00Z,-73.7631,-132.2748,2020-08-16T00:00:00Z,24,-73.761942,-132.282113,3.24,physics_ml_hybrid
B50,2020-08-15T00:00:00Z,-73.7631,-132.2748,2020-08-17T00:00:00Z,48,-73.760085,-132.33263,4.65,physics_ml_hybrid
B50,2020-08-15T00:00:00Z,-73.7631,-132.2748,2020-08-18T00:00:00Z,72,-73.758331,-132.365137,6.0,physics_ml_hybrid
A68C,2020-04-26T00:00:00Z,-60.3502,-50.9453,2020-04-27T00:00:00Z,24,-60.330605,-50.925241,3.54,physics_ml_hybrid
A68C,2020-04-26T00:00:00Z,-60.3502,-50.9453,2020-04-28T00:00:00Z,48,-60.311011,-50.905182,5.08,physics_ml_hybrid
A68C,2020-04-26T00:00:00Z,-60.3502,-50.9453,2020-04-29T00:00:00Z,72,-60.291416,-50.885123,6.62,physics_ml_hybrid
B49,2020-02-16T00:00:00Z,-74.8436,-102.2412,2020-02-17T00:00:00Z,24,-74.83866,-102.278534,3.37,physics_ml_hybrid
B49,2020-02-16T00:00:00Z,-74.8436,-102.2412,2020-02-18T00:00:00Z,48,-74.833721,-102.315869,4.74,physics_ml_hybrid
B49,2020-02-16T00:00:00Z,-74.8436,-102.2412,2020-02-19T00:00:00Z,72,-74.828781,-102.353203,6.11,physics_ml_hybrid
B49,2020-04-01T00:00:00Z,-74.3967,-105.0984,2020-04-02T00:00:00Z,24,-74.396505,-105.100312,3.21,physics_ml_hybrid
B49,2020-04-01T00:00:00Z,-74.3967,-105.0984,2020-04-03T00:00:00Z,48,-74.396311,-105.102225,4.42,physics_ml_hybrid
B49,2020-04-01T00:00:00Z,-74.3967,-105.0984,2020-04-04T00:00:00Z,72,-74.396116,-105.104137,5.63,physics_ml_hybrid
B49,2020-05-16T00:00:00Z,-74.3833,-105.287,2020-05-17T00:00:00Z,24,-74.383105,-105.288911,3.21,physics_ml_hybrid
B49,2020-05-16T00:00:00Z,-74.3833,-105.287,2020-05-18T00:00:00Z,48,-74.382911,-105.290822,4.42,physics_ml_hybrid
B49,2020-05-16T00:00:00Z,-74.3833,-105.287,2020-05-19T00:00:00Z,72,-74.382716,-105.292732,5.63,physics_ml_hybrid
B49,2020-06-30T00:00:00Z,-74.4333,-105.3333,2020-07-01T00:00:00Z,24,-74.431411,-105.332907,3.23,physics_ml_hybrid
B49,2020-06-30T00:00:00Z,-74.4333,-105.3333,2020-07-02T00:00:00Z,48,-74.431659,-105.334003,4.43,physics_ml_hybrid
B49,2020-06-30T00:00:00Z,-74.4333,-105.3333,2020-07-03T00:00:00Z,72,-74.430114,-105.333688,5.65,physics_ml_hybrid
A68B,2020-01-02T00:00:00Z,-64.6175,-58.4707,2020-01-03T00:00:00Z,24,-64.615407,-58.463704,3.26,physics_ml_hybrid
A68B,2020-01-02T00:00:00Z,-64.6175,-58.4707,2020-01-04T00:00:00Z,48,-64.613314,-58.456708,4.51,physics_ml_hybrid
A68B,2020-01-02T00:00:00Z,-64.6175,-58.4707,2020-01-05T00:00:00Z,72,-64.611221,-58.449712,5.77,physics_ml_hybrid
A68B,2020-02-04T00:00:00Z,-64.6478,-56.745,2020-02-05T00:00:00Z,24,-64.635266,-56.670633,3.73,physics_ml_hybrid
A68B,2020-02-04T00:00:00Z,-64.6478,-56.745,2020-02-06T00:00:00Z,48,-64.622732,-56.596266,5.46,physics_ml_hybrid
A68B,2020-02-04T00:00:00Z,-64.6478,-56.745,2020-02-07T00:00:00Z,72,-64.610198,-56.521899,7.18,physics_ml_hybrid
A68B,2020-03-09T00:00:00Z,-64.3216,-55.7948,2020-03-10T00:00:00Z,24,-64.321789,-55.727782,3.65,physics_ml_hybrid
A68B,2020-03-09T00:00:00Z,-64.3216,-55.7948,2020-03-11T00:00:00Z,48,-64.321978,-55.660763,5.3,physics_ml_hybrid
A68B,2020-03-09T00:00:00Z,-64.3216,-55.7948,2020-03-12T00:00:00Z,72,-64.322167,-55.593745,6.94,physics_ml_hybrid
A68B,2020-04-11T00:00:00Z,-63.16,-53.4757,2020-04-12T00:00:00Z,24,-63.120063,-53.508193,3.86,physics_ml_hybrid
A68B,2020-04-11T00:00:00Z,-63.16,-53.4757,2020-04-13T00:00:00Z,48,-63.080127,-53.540686,5.71,physics_ml_hybrid
A68B,2020-04-11T00:00:00Z,-63.16,-53.4757,2020-04-14T00:00:00Z,72,-63.04019,-53.573178,7.57,physics_ml_hybrid
A69A,2020-07-11T00:00:00Z,-69.0658,-60.5186,2020-07-12T00:00:00Z,24,-69.063944,-60.529515,3.27,physics_ml_hybrid
A69A,2020-07-11T00:00:00Z,-69.0658,-60.5186,2020-07-13T00:00:00Z,48,-69.060847,-60.524433,4.48,physics_ml_hybrid
A69A,2020-07-11T00:00:00Z,-69.0658,-60.5186,2020-07-14T00:00:00Z,72,-69.06019,-60.512009,5.69,physics_ml_hybrid
A69A,2020-07-30T00:00:00Z,-68.9,-60.8163,2020-07-31T00:00:00Z,24,-68.898835,-60.811164,3.23,physics_ml_hybrid
A69A,2020-07-30T00:00:00Z,-68.9,-60.8163,2020-08-01T00:00:00Z,48,-68.897437,-60.810559,4.45,physics_ml_hybrid
A69A,2020-07-30T00:00:00Z,-68.9,-60.8163,2020-08-02T00:00:00Z,72,-68.896794,-60.791997,5.74,physics_ml_hybrid
A69A,2020-08-18T00:00:00Z,-68.8833,-60.6667,2020-08-19T00:00:00Z,24,-68.882171,-60.670577,3.23,physics_ml_hybrid
A69A,2020-08-18T00:00:00Z,-68.8833,-60.6667,2020-08-20T00:00:00Z,48,-68.879769,-60.665299,4.45,physics_ml_hybrid
A69A,2020-08-18T00:00:00Z,-68.8833,-60.6667,2020-08-21T00:00:00Z,72,-68.878259,-60.664627,5.68,physics_ml_hybrid
A69A,2020-09-06T00:00:00Z,-68.869,-60.6432,2020-09-07T00:00:00Z,24,-68.867027,-60.647822,3.24,physics_ml_hybrid
A69A,2020-09-06T00:00:00Z,-68.869,-60.6432,2020-09-08T00:00:00Z,48,-68.865053,-60.652443,4.48,physics_ml_hybrid
A69A,2020-09-06T00:00:00Z,-68.869,-60.6432,2020-09-09T00:00:00Z,72,-68.863681,-60.655754,5.71,physics_ml_hybrid
A69B,2020-07-12T00:00:00Z,-68.8731,-60.5689,2020-07-13T00:00:00Z,24,-68.871437,-60.571411,3.23,physics_ml_hybrid
A69B,2020-07-12T00:00:00Z,-68.8731,-60.5689,2020-07-14T00:00:00Z,48,-68.871509,-60.563239,4.44,physics_ml_hybrid
A69B,2020-07-12T00:00:00Z,-68.8731,-60.5689,2020-07-15T00:00:00Z,72,-68.870456,-60.553851,5.69,physics_ml_hybrid
A69B,2020-07-30T00:00:00Z,-68.8659,-60.4631,2020-07-31T00:00:00Z,24,-68.861685,-60.460305,3.27,physics_ml_hybrid
A69B,2020-07-30T00:00:00Z,-68.8659,-60.4631,2020-08-01T00:00:00Z,48,-68.857388,-60.459731,4.53,physics_ml_hybrid
A69B,2020-07-30T00:00:00Z,-68.8659,-60.4631,2020-08-02T00:00:00Z,72,-68.853722,-60.44475,5.81,physics_ml_hybrid
A69B,2020-08-18T00:00:00Z,-68.6036,-60.5333,2020-08-19T00:00:00Z,24,-68.601968,-60.537189,3.23,physics_ml_hybrid
A69B,2020-08-18T00:00:00Z,-68.6036,-60.5333,2020-08-20T00:00:00Z,48,-68.598641,-60.532712,4.48,physics_ml_hybrid
A69B,2020-08-18T00:00:00Z,-68.6036,-60.5333,2020-08-21T00:00:00Z,72,-68.596861,-60.533296,5.7,physics_ml_hybrid
A69B,2020-09-06T00:00:00Z,-68.5667,-60.52,2020-09-07T00:00:00Z,24,-68.564558,-60.524825,3.24,physics_ml_hybrid
A69B,2020-09-06T00:00:00Z,-68.5667,-60.52,2020-09-08T00:00:00Z,48,-68.562416,-60.52965,4.49,physics_ml_hybrid
A69B,2020-09-06T00:00:00Z,-68.5667,-60.52,2020-09-09T00:00:00Z,72,-68.560273,-60.534475,5.73,physics_ml_hybrid
B48,2020-02-10T00:00:00Z,-74.0777,-112.6332,2020-02-11T00:00:00Z,24,-74.076069,-112.639086,3.24,physics_ml_hybrid
B48,2020-02-10T00:00:00Z,-74.0777,-112.6332,2020-02-12T00:00:00Z,48,-74.074438,-112.644972,4.47,physics_ml_hybrid
B48,2020-02-10T00:00:00Z,-74.0777,-112.6332,2020-02-13T00:00:00Z,72,-74.072807,-112.650858,5.71,physics_ml_hybrid
B48,2020-03-04T00:00:00Z,-73.647,-114.5643,2020-03-05T00:00:00Z,24,-73.647743,-114.58255,3.28,physics_ml_hybrid
B48,2020-03-04T00:00:00Z,-73.647,-114.5643,2020-03-06T00:00:00Z,48,-73.648486,-114.6008,4.56,physics_ml_hybrid
B48,2020-03-04T00:00:00Z,-73.647,-114.5643,2020-03-07T00:00:00Z,72,-73.649229,-114.61905,5.84,physics_ml_hybrid
B48,2020-03-28T00:00:00Z,-73.887,-115.85,2020-03-29T00:00:00Z,24,-73.886938,-115.895814,3.4,physics_ml_hybrid
B48,2020-03-28T00:00:00Z,-73.887,-115.85,2020-03-30T00:00:00Z,48,-73.886876,-115.941628,4.79,physics_ml_hybrid
B48,2020-03-28T00:00:00Z,-73.887,-115.85,2020-03-31T00:00:00Z,72,-73.886814,-115.987442,6.19,physics_ml_hybrid
B48,2020-04-21T00:00:00Z,-73.7179,-115.238,2020-04-22T00:00:00Z,24,-73.718963,-115.256211,3.28,physics_ml_hybrid
B48,2020-04-21T00:00:00Z,-73.7179,-115.238,2020-04-23T00:00:00Z,48,-73.720027,-115.274423,4.56,physics_ml_hybrid
B48,2020-04-21T00:00:00Z,-73.7179,-115.238,2020-04-24T00:00:00Z,72,-73.72109,-115.292634,5.84,physics_ml_hybrid
B43,2020-01-02T00:00:00Z,-71.7752,-173.0835,2020-01-03T00:00:00Z,24,-71.774968,-173.099072,3.28,physics_ml_hybrid
B43,2020-01-02T00:00:00Z,-71.7752,-173.0835,2020-01-04T00:00:00Z,48,-71.774737,-173.114644,4.55,physics_ml_hybrid
B43,2020-01-02T00:00:00Z,-71.7752,-173.0835,2020-01-05T00:00:00Z,72,-71.774505,-173.130216,5.83,physics_ml_hybrid
B43,2020-01-23T00:00:00Z,-71.6557,-173.4379,2020-01-24T00:00:00Z,24,-71.64141,-173.445288,3.42,physics_ml_hybrid
B43,2020-01-23T00:00:00Z,-71.6557,-173.4379,2020-01-25T00:00:00Z,48,-71.627484,-173.451493,4.84,physics_ml_hybrid
B43,2020-01-23T00:00:00Z,-71.6557,-173.4379,2020-01-26T00:00:00Z,72,-71.613377,-173.45829,6.26,physics_ml_hybrid
B43,2020-02-13T00:00:00Z,-70.9813,-175.5849,2020-02-14T00:00:00Z,24,-70.955052,-175.708937,3.94,physics_ml_hybrid
B43,2020-02-13T00:00:00Z,-70.9813,-175.5849,2020-02-15T00:00:00Z,48,-70.928805,-175.832974,5.89,physics_ml_hybrid
B43,2020-02-13T00:00:00Z,-70.9813,-175.5849,2020-02-16T00:00:00Z,72,-70.902557,-175.957011,7.83,physics_ml_hybrid
B43,2020-03-05T00:00:00Z,-70.3512,-177.495,2020-03-06T00:00:00Z,24,-70.307044,-177.614058,4.12,physics_ml_hybrid
B43,2020-03-05T00:00:00Z,-70.3512,-177.495,2020-03-07T00:00:00Z,48,-70.262889,-177.733117,6.24,physics_ml_hybrid
B43,2020-03-05T00:00:00Z,-70.3512,-177.495,2020-03-08T00:00:00Z,72,-70.218733,-177.852175,8.36,physics_ml_hybrid
A69,2020-06-28T00:00:00Z,-68.9738,-60.6524,2020-06-29T00:00:00Z,24,-68.971986,-60.650279,3.23,physics_ml_hybrid
A69,2020-06-28T00:00:00Z,-68.9738,-60.6524,2020-06-30T00:00:00Z,48,-68.971093,-60.649014,4.45,physics_ml_hybrid
A69,2020-06-28T00:00:00Z,-68.9738,-60.6524,2020-07-01T00:00:00Z,72,-68.969069,-60.660749,5.69,physics_ml_hybrid
A69,2020-06-29T00:00:00Z,-68.969,-60.6619,2020-06-30T00:00:00Z,24,-68.967861,-60.659945,3.22,physics_ml_hybrid
A69,2020-06-29T00:00:00Z,-68.969,-60.6619,2020-07-01T00:00:00Z,48,-68.966152,-60.667255,4.45,physics_ml_hybrid
A69,2020-06-29T00:00:00Z,-68.969,-60.6619,2020-07-02T00:00:00Z,72,-68.964835,-60.66356,5.66,physics_ml_hybrid
A69,2020-06-30T00:00:00Z,-68.9643,-60.6714,2020-07-01T00:00:00Z,24,-68.963072,-60.673843,3.22,physics_ml_hybrid
A69,2020-06-30T00:00:00Z,-68.9643,-60.6714,2020-07-02T00:00:00Z,48,-68.961915,-60.672039,4.44,physics_ml_hybrid
A69,2020-06-30T00:00:00Z,-68.9643,-60.6714,2020-07-03T00:00:00Z,72,-68.960572,-60.66653,5.66,physics_ml_hybrid
A69,2020-07-01T00:00:00Z,-68.9595,-60.6809,2020-07-02T00:00:00Z,24,-68.958308,-60.681219,3.22,physics_ml_hybrid
A69,2020-07-01T00:00:00Z,-68.9595,-60.6809,2020-07-03T00:00:00Z,48,-68.957014,-60.677654,4.44,physics_ml_hybrid
A69,2020-07-01T00:00:00Z,-68.9595,-60.6809,2020-07-04T00:00:00Z,72,-68.955772,-60.676031,5.66,physics_ml_hybrid
